{
  "W_hh": [
    [
      -1.7911227132572094e-06,
      1.4635905245086178e-05
    ],
    [
      -4.0157527109840885e-05,
      2.000013828277588
    ]
  ],
  "W_hx": [
    [
      6.482741446234286e-05,
      1.6300816696457332e-07
    ],
    [
      -1.0000840425491333,
      1.9999974966049194
    ]
  ],
  "b_h": [
    1.9254215658293106e-05,
    -1.022118091583252
  ],
  "W_y": [
    [
      -1.0874751751543954e-05,
      -1.9999233484268188
    ],
    [
      1.4797648873354774e-05,
      1.999932885169983
    ]
  ],
  "b_y": [
    2.999988317489624,
    -3.0000598430633545
  ]
}