{
  "W_hh": [
    [
      -0.9999907612800598,
      0.9999802112579346,
      -3.0000081062316895,
      -1.410602817486506e-05,
      -1.994131707760971e-05
    ],
    [
      1.000031590461731,
      -1.8167445887229405e-05,
      0.9999918341636658,
      4.825842916034162e-05,
      -7.519557811974664e-07
    ],
    [
      0.9999639987945557,
      -6.270943231356796e-06,
      1.0000144243240356,
      1.0000441074371338,
      6.864890110591659e-06
    ],
    [
      1.0,
      -1.0000277757644653,
      0.999955415725708,
      4.245634954713751e-09,
      -1.202745352202328e-06
    ],
    [
      1.6450387192890048e-05,
      -4.24969221057836e-06,
      -2.954582669190131e-06,
      4.989248054698692e-07,
      7.4379981924721505e-06
    ]
  ],
  "W_hx": [
    [
      2.8912592824781314e-05,
      2.0000722408294678
    ],
    [
      -5.2874362154398113e-05,
      -1.9999700784683228
    ],
    [
      2.4433998987660743e-05,
      -4.000000476837158
    ],
    [
      4.2786494304891676e-05,
      -2.0000319480895996
    ],
    [
      1.9692333808052354e-07,
      1.2604346011357848e-08
    ]
  ],
  "b_h": [
    1.0037377251137514e-05,
    -7.868689863244072e-05,
    -1.999977946281433,
    1.073887870006729e-05,
    -1.9885199435520917e-05
  ],
  "W_y": [
    [
      4.999999523162842,
      2.999971389770508,
      2.999990701675415,
      2.9999947547912598,
      1.863503894128371e-05
    ],
    [
      -5.000006198883057,
      -3.0000548362731934,
      -3.000004529953003,
      -3.0000531673431396,
      1.9778932255576365e-05
    ]
  ],
  "b_y": [
    -4.0000104904174805,
    4.0000081062316895
  ]
}