{
  "W_hh": [
    [
      -1.7912100247485796e-06,
      3.3513140806462616e-05
    ],
    [
      5.0040292990161106e-05,
      1.9999809265136719
    ]
  ],
  "W_hx": [
    [
      4.6641503104183357e-07,
      1.9290710042696446e-06
    ],
    [
      -1.0000379085540771,
      1.9999504089355469
    ]
  ],
  "b_h": [
    -5.389947546063922e-07,
    -1.0221706628799438
  ],
  "W_y": [
    [
      -9.061296441359445e-05,
      1.9999116659164429
    ],
    [
      -1.5231950783345383e-05,
      -2.000068426132202
    ]
  ],
  "b_y": [
    -2.9999752044677734,
    2.9999802112579346
  ]
}