{
  "W_hh": [
    [
      -5.011775647290051e-05,
      -1.0000174045562744,
      0.9999708533287048
    ],
    [
      0.5614603757858276,
      6.871049845358357e-05,
      -1.0001332759857178
    ],
    [
      6.216598558239639e-05,
      0.9999787211418152,
      -1.0000081062316895
    ]
  ],
  "W_hx": [
    [
      1.9999386072158813,
      -1.9999784231185913,
      3.293508052593097e-05
    ],
    [
      -1.000028371810913,
      0.00011070544860558584,
      2.000075578689575
    ],
    [
      -2.0001020431518555,
      2.000087022781372,
      7.631464541191235e-05
    ]
  ],
  "b_h": [
    -0.00014891618047840893,
    -7.915323658380657e-05,
    6.583292270079255e-05
  ],
  "W_y": [
    [
      1.0000063180923462,
      -1.99996817111969,
      1.0000149011611938
    ],
    [
      1.999928593635559,
      1.999936819076538,
      1.000024437904358
    ],
    [
      -1.9999959468841553,
      1.0000299215316772,
      -1.9999924898147583
    ]
  ],
  "b_y": [
    -7.581364479847252e-05,
    -2.9999890327453613,
    2.000032901763916
  ]
}