{
  "W_hh": [
    [
      0.1131429523229599,
      0.9717797040939331,
      -0.9998164176940918,
      4.5807610149495304e-05,
      -1.2770065069198608
    ],
    [
      -1.1053422689437866,
      -2.0000598430633545,
      0.996563732624054,
      1.1614084542088676e-05,
      1.0000667572021484
    ],
    [
      -1.2478796243667603,
      0.9999692440032959,
      -1.0000641345977783,
      -1.487490862928098e-05,
      1.0000172853469849
    ],
    [
      5.9096009863424115e-06,
      -3.958154047722928e-05,
      -1.9453957065707073e-05,
      -5.3517596825258806e-05,
      5.998024425935e-05
    ],
    [
      0.6916102766990662,
      -0.009467667900025845,
      -6.044361362000927e-05,
      2.8313857910688967e-05,
      -2.000042200088501
    ]
  ],
  "W_hx": [
    [
      1.9999574422836304,
      -1.0000122785568237,
      -2.999948501586914,
      0.9999091625213623,
      4.000046253204346
    ],
    [
      -2.000025987625122,
      -0.8023442029953003,
      1.8757131099700928,
      3.000030279159546,
      -2.9999806880950928
    ],
    [
      -1.9999163150787354,
      -2.999965190887451,
      1.0002342462539673,
      3.9999260902404785,
      2.0000150203704834
    ],
    [
      -4.9638292693998665e-05,
      1.1290280781395268e-06,
      2.158844654331915e-05,
      2.3720789613435045e-05,
      -5.9575471823336557e-05
    ],
    [
      3.000121593475342,
      1.0001522302627563,
      -1.9999412298202515,
      -1.9999850988388062,
      0.9994837641716003
    ]
  ],
  "b_h": [
    0.9999814033508301,
    1.0000243186950684,
    -9.627205145079643e-05,
    3.739147587111802e-07,
    1.0001660585403442
  ],
  "W_y": [
    [
      -1.9999550580978394,
      -3.9999513626098633,
      3.000023603439331,
      4.8499234253540635e-05,
      2.000025510787964
    ],
    [
      3.9999077320098877,
      0.9999808669090271,
      -1.0000042915344238,
      1.3244366527942475e-05,
      -3.999948501586914
    ],
    [
      4.999887943267822,
      4.9999918937683105,
      -3.999943733215332,
      5.4782234656158835e-05,
      -6.0173002566443756e-05
    ],
    [
      1.0000425577163696,
      1.0012357234954834,
      1.0000931024551392,
      3.780338738579303e-05,
      2.999904155731201
    ],
    [
      -4.999975681304932,
      -3.000112533569336,
      4.999971866607666,
      2.7823576601804234e-05,
      3.9999938011169434
    ]
  ],
  "b_y": [
    3.999972105026245,
    3.000042200088501,
    -3.000046491622925,
    0.00010389812086941674,
    0.999953031539917
  ]
}