{
  "W_hh": [
    [
      1.632404382689856e-05,
      1.0000454187393188,
      0.9999464154243469
    ],
    [
      -0.00026845731190405786,
      -1.0002886056900024,
      0.9999853372573853
    ],
    [
      0.999976396560669,
      1.0000289678573608,
      -0.9999933838844299
    ]
  ],
  "W_hx": [
    [
      3.000018835067749,
      -1.0000427961349487
    ],
    [
      1.9999756813049316,
      -1.0000083446502686
    ],
    [
      1.0000154972076416,
      -1.0000157356262207
    ]
  ],
  "b_h": [
    5.709504330297932e-05,
    1.0000370740890503,
    -1.402954694640357e-06
  ],
  "W_y": [
    [
      -1.999930500984192,
      2.000049114227295,
      1.9999306201934814
    ],
    [
      2.0000250339508057,
      -2.0000009536743164,
      -1.9999985694885254
    ]
  ],
  "b_y": [
    -1.00006902217865,
    0.9999769330024719
  ]
}