{
  "full": {
    "fisher": 5.9406633377075195,
    "pc1": {
      "english": -0.47670766711235046,
      "chinese": -0.2644352912902832,
      "russian": -1.1032965183258057,
      "code_python": 0.9208606481552124,
      "code_cpp": 0.6535698771476746,
      "latex": 0.5713293552398682,
      "japanese": -0.32785654067993164,
      "korean": 0.2026931196451187,
      "arabic": -0.17615260183811188
    }
  },
  "sparse": {
    "fisher": 5.662352085113525,
    "pc1": {
      "english": -0.4403015375137329,
      "chinese": -0.27117881178855896,
      "russian": -1.069096565246582,
      "code_python": 0.9366577863693237,
      "code_cpp": 0.6553768515586853,
      "latex": 0.5390399694442749,
      "japanese": -0.34770840406417847,
      "korean": 0.1619700789451599,
      "arabic": -0.16475968062877655
    }
  },
  "ablated": {
    "fisher": 0.0,
    "pc1": {
      "english": 0.0,
      "chinese": 0.0,
      "russian": 0.0,
      "code_python": 0.0,
      "code_cpp": 0.0,
      "latex": 0.0,
      "japanese": 0.0,
      "korean": 0.0,
      "arabic": 0.0
    }
  },
  "random": {
    "fisher": 2.558873414993286,
    "pc1": {
      "english": 0.0313476026058197,
      "chinese": 0.041109587997198105,
      "russian": 0.08024722337722778,
      "code_python": -0.12491431087255478,
      "code_cpp": -0.06265176832675934,
      "latex": -0.07206806540489197,
      "japanese": 0.06107364594936371,
      "korean": 0.01687506027519703,
      "arabic": 0.028981272131204605
    }
  },
  "n_prompts": 72,
  "n_categories": 9,
  "sparse_weights_kept": 441,
  "sparse_weights_total": 16384
}