{
  "kl_divergences": [
    0.00042377132922410965,
    0.0005564946914091706,
    0.0003302296681795269,
    0.0003768033056985587,
    0.0003333081549499184,
    0.0005650747916661203,
    0.00043893809197470546,
    0.0003607488761190325,
    0.0004705441533587873,
    0.0005517505924217403,
    0.0005431319586932659,
    0.00040750898187980056
  ],
  "top1_agreements": [
    0.9375,
    1.0,
    1.0,
    1.0,
    0.9722222222222222,
    0.9333333333333333,
    0.9333333333333333,
    1.0,
    1.0,
    0.9333333333333333,
    1.0,
    1.0
  ],
  "logit_correlations": [
    0.9998558929069964,
    0.9998655923564722,
    0.9998931488523006,
    0.9999003728488343,
    0.9998814470094347,
    0.9998797384046844,
    0.9998559538533981,
    0.9998852319395258,
    0.9998545991310686,
    0.9998728703653151,
    0.9997946683511013,
    0.9998842953934828
  ],
  "mean_kl": 0.000446525402367115,
  "mean_top1": 0.9758101851851851,
  "mean_corr": 0.9998686509510515,
  "n_prompts": 12
}